age,income,tenure,contract_type,payment_method,churn
23.0,42444.0,10.0,Month-to-month,Credit card,1
66.0,39413.0,23.0,Month-to-month,Credit card,0
47.0,25345.0,68.0,One year,Mailed check,0
36.0,60233.0,7.0,Month-to-month,Bank transfer,0
18.0,48617.0,45.0,Month-to-month,Bank transfer,0
45.0,15000.0,47.0,Month-to-month,Electronic check,1
26.0,45357.0,34.0,Month-to-month,Credit card,0
73.0,38781.0,2.0,Month-to-month,Electronic check,0
34.0,83362.0,2.0,Month-to-month,Bank transfer,1
45.0,24350.0,19.0,Two year,Electronic check,0
19.0,29056.0,7.0,One year,Electronic check,0
25.0,74979.0,6.0,Month-to-month,Mailed check,1
29.0,79422.0,11.0,Month-to-month,Mailed check,0
20.0,41590.0,13.0,One year,Credit card,0
59.0,43622.0,60.0,Month-to-month,Credit card,0
71.0,66092.0,45.0,Month-to-month,Electronic check,1
74.0,15000.0,2.0,One year,Electronic check,0
33.0,21499.0,45.0,Month-to-month,Mailed check,1
62.0,49947.0,9.0,Month-to-month,Mailed check,1
46.0,82898.0,30.0,Month-to-month,Mailed check,0
20.0,47157.0,2.0,Month-to-month,Credit card,1
23.0,56817.0,6.0,Month-to-month,Bank transfer,1
49.0,75408.0,9.0,Two year,Electronic check,0
42.0,92924.0,31.0,Month-to-month,Mailed check,0
18.0,44617.0,33.0,One year,Bank transfer,0
71.0,54697.0,25.0,One year,Mailed check,1
59.0,87797.0,44.0,Month-to-month,Electronic check,1
46.0,27600.0,51.0,Month-to-month,Mailed check,1
74.0,73496.0,52.0,Month-to-month,Mailed check,1
73.0,36670.0,41.0,One year,Electronic check,0
73.0,56845.0,39.0,Month-to-month,Bank transfer,1
32.0,50633.0,35.0,One year,Electronic check,0
68.0,37756.0,17.0,Two year,Bank transfer,0
46.0,37304.0,35.0,One year,Mailed check,0
59.0,59975.0,0.0,Two year,Credit card,0
66.0,72920.0,69.0,One year,Electronic check,0
27.0,52665.0,26.0,Two year,Electronic check,0
43.0,56262.0,54.0,Two year,Electronic check,0
25.0,65281.0,68.0,One year,Mailed check,0
33.0,37511.0,35.0,,Electronic check,1
41.0,68314.0,62.0,Two year,Bank transfer,0
66.0,69748.0,34.0,Month-to-month,Electronic check,1
67.0,101865.0,9.0,One year,Electronic check,0
40.0,48230.0,1.0,Month-to-month,Mailed check,1
36.0,46755.0,9.0,Two year,Bank transfer,0
48.0,68841.0,67.0,Month-to-month,Credit card,0
69.0,69744.0,34.0,Two year,Bank transfer,0
73.0,45368.0,22.0,One year,Bank transfer,0
30.0,47743.0,32.0,Two year,Bank transfer,0
28.0,64740.0,18.0,Month-to-month,Bank transfer,0
58.0,40103.0,62.0,One year,Electronic check,0
35.0,47610.0,71.0,One year,Bank transfer,0
29.0,56613.0,6.0,Two year,Bank transfer,0
19.0,72927.0,51.0,Two year,Electronic check,0
40.0,44117.0,24.0,One year,Bank transfer,0
40.0,21837.0,3.0,One year,Mailed check,0
50.0,,66.0,Month-to-month,Mailed check,1
29.0,32331.0,4.0,Two year,Electronic check,0
58.0,31363.0,14.0,Month-to-month,Bank transfer,1
56.0,52217.0,1.0,One year,Credit card,1
44.0,33600.0,33.0,One year,Electronic check,0
28.0,42350.0,43.0,Month-to-month,Mailed check,0
46.0,41066.0,23.0,Month-to-month,Electronic check,1
56.0,47071.0,5.0,Month-to-month,Electronic check,1
39.0,78805.0,8.0,Two year,Credit card,0
33.0,66915.0,67.0,Month-to-month,Mailed check,0
46.0,55290.0,58.0,Month-to-month,Mailed check,0
38.0,46702.0,67.0,One year,Electronic check,0
40.0,47202.0,38.0,Month-to-month,Credit card,0
37.0,60899.0,39.0,Two year,Electronic check,0
35.0,65515.0,56.0,Month-to-month,Bank transfer,0
58.0,38663.0,44.0,Month-to-month,Electronic check,0
44.0,55657.0,31.0,Month-to-month,Electronic check,1
44.0,18431.0,21.0,Month-to-month,Bank transfer,1
55.0,58811.0,34.0,Month-to-month,Electronic check,1
38.0,68719.0,4.0,One year,Bank transfer,0
23.0,49959.0,13.0,Month-to-month,Electronic check,0
66.0,87697.0,53.0,Month-to-month,Bank transfer,0
21.0,39138.0,62.0,Month-to-month,Bank transfer,1
50.0,58914.0,7.0,Month-to-month,Bank transfer,0
33.0,54355.0,6.0,Two year,Electronic check,0
30.0,53195.0,6.0,Month-to-month,Bank transfer,1
20.0,52942.0,56.0,Two year,Credit card,0
69.0,56928.0,22.0,Month-to-month,Electronic check,0
42.0,70263.0,23.0,Month-to-month,Electronic check,0
37.0,79799.0,0.0,,Credit card,1
60.0,54959.0,70.0,Month-to-month,Electronic check,0
20.0,69676.0,31.0,One year,Bank transfer,0
50.0,42368.0,57.0,Month-to-month,Bank transfer,1
46.0,68787.0,50.0,Month-to-month,Electronic check,0
49.0,41284.0,10.0,One year,Bank transfer,0
25.0,74632.0,57.0,One year,Bank transfer,0
72.0,94792.0,39.0,Two year,Electronic check,0
31.0,52802.0,43.0,Two year,Credit card,0
56.0,15534.0,14.0,One year,Electronic check,0
60.0,45135.0,60.0,Two year,Mailed check,0
37.0,77174.0,67.0,One year,Credit card,0
25.0,64955.0,29.0,Month-to-month,Electronic check,0
34.0,59480.0,6.0,One year,Credit card,1
63.0,73156.0,61.0,Month-to-month,Electronic check,1
69.0,63720.0,63.0,One year,Mailed check,0
71.0,76919.0,36.0,Two year,Electronic check,0
30.0,71550.0,41.0,Month-to-month,Bank transfer,0
52.0,82391.0,16.0,Two year,Bank transfer,0
26.0,61458.0,4.0,Two year,Credit card,0
58.0,71295.0,67.0,Month-to-month,Credit card,1
41.0,49472.0,34.0,Month-to-month,Bank transfer,0
58.0,44174.0,19.0,Two year,Bank transfer,0
57.0,85722.0,49.0,Two year,Mailed check,0
74.0,58892.0,1.0,Month-to-month,Credit card,1
45.0,69488.0,5.0,Month-to-month,Bank transfer,0
37.0,57227.0,17.0,One year,Credit card,1
48.0,44443.0,32.0,Month-to-month,Electronic check,0
27.0,55198.0,26.0,Month-to-month,Mailed check,1
24.0,80848.0,13.0,Month-to-month,Bank transfer,0
47.0,64994.0,25.0,Month-to-month,Electronic check,1
65.0,24193.0,24.0,One year,Electronic check,1
48.0,51126.0,37.0,One year,Credit card,0
62.0,87081.0,40.0,One year,Mailed check,0
28.0,51152.0,63.0,One year,Electronic check,0
43.0,22591.0,58.0,Month-to-month,Electronic check,0
52.0,89075.0,21.0,Month-to-month,Mailed check,0
37.0,67283.0,64.0,Month-to-month,Bank transfer,0
18.0,53740.0,37.0,Month-to-month,Credit card,0
22.0,48314.0,13.0,Month-to-month,Credit card,1
70.0,74482.0,24.0,Month-to-month,Bank transfer,0
52.0,45244.0,53.0,Month-to-month,Bank transfer,1
33.0,75669.0,59.0,Month-to-month,Electronic check,0
32.0,64760.0,26.0,One year,Credit card,0
20.0,59404.0,11.0,One year,Electronic check,0
71.0,57619.0,13.0,Two year,Electronic check,0
24.0,51851.0,7.0,One year,Credit card,0
61.0,73822.0,50.0,One year,Credit card,0
31.0,39424.0,36.0,,Electronic check,0
37.0,25805.0,32.0,One year,Bank transfer,1
33.0,66060.0,48.0,Month-to-month,Mailed check,0
64.0,66362.0,59.0,Month-to-month,Electronic check,1
19.0,63644.0,57.0,Month-to-month,Electronic check,0
38.0,62339.0,9.0,Month-to-month,Electronic check,1
33.0,49230.0,42.0,Month-to-month,Mailed check,0
33.0,69175.0,63.0,One year,Mailed check,0
28.0,54180.0,55.0,Two year,Mailed check,0
70.0,46232.0,23.0,One year,Electronic check,1
39.0,49386.0,28.0,One year,Credit card,1
41.0,91372.0,64.0,Month-to-month,Bank transfer,0
39.0,23770.0,2.0,Month-to-month,Credit card,1
73.0,63996.0,37.0,One year,Electronic check,1
37.0,24776.0,8.0,Month-to-month,Bank transfer,0
37.0,53052.0,64.0,Month-to-month,Credit card,0
36.0,47195.0,2.0,Month-to-month,Electronic check,1
36.0,17469.0,1.0,Two year,Electronic check,1
23.0,62003.0,23.0,One year,Electronic check,0
52.0,48159.0,14.0,Month-to-month,Electronic check,1
19.0,17214.0,35.0,One year,Mailed check,0
30.0,70112.0,21.0,Month-to-month,Electronic check,1
29.0,80830.0,25.0,Month-to-month,Electronic check,0
34.0,81822.0,40.0,Month-to-month,Bank transfer,0
61.0,61461.0,40.0,Month-to-month,Electronic check,0
52.0,55829.0,67.0,One year,Electronic check,1
74.0,78907.0,34.0,Month-to-month,Bank transfer,0
38.0,85283.0,40.0,One year,Electronic check,0
70.0,75404.0,48.0,Month-to-month,Electronic check,0
20.0,38052.0,12.0,One year,Electronic check,1
46.0,58624.0,48.0,One year,Electronic check,1
63.0,62911.0,62.0,One year,Mailed check,0
48.0,22427.0,22.0,One year,Electronic check,1
71.0,63448.0,12.0,Two year,Electronic check,0
35.0,95914.0,24.0,Month-to-month,Credit card,1
19.0,66519.0,19.0,One year,Credit card,0
62.0,81521.0,42.0,One year,Electronic check,1
21.0,58292.0,62.0,Month-to-month,Electronic check,1
61.0,53682.0,42.0,Month-to-month,Mailed check,1
59.0,61863.0,9.0,Month-to-month,Credit card,1
66.0,40315.0,22.0,Month-to-month,Credit card,1
45.0,37652.0,49.0,Month-to-month,Electronic check,1
69.0,77793.0,23.0,,Electronic check,1
27.0,79702.0,42.0,One year,Mailed check,0
42.0,37160.0,49.0,Month-to-month,Credit card,1
24.0,72424.0,23.0,Two year,Credit card,0
61.0,53435.0,46.0,Month-to-month,Electronic check,0
58.0,61117.0,28.0,One year,Bank transfer,1
63.0,63284.0,9.0,Month-to-month,Electronic check,1
61.0,72898.0,26.0,Month-to-month,Bank transfer,1
35.0,56489.0,31.0,Month-to-month,Credit card,0
21.0,80383.0,0.0,One year,Mailed check,1
70.0,60569.0,64.0,Month-to-month,Electronic check,0
46.0,66235.0,38.0,Two year,Bank transfer,0
23.0,40001.0,2.0,Month-to-month,Mailed check,1
70.0,93856.0,62.0,One year,Credit card,0
74.0,,61.0,Month-to-month,Electronic check,1
43.0,67834.0,0.0,One year,Credit card,0
61.0,26053.0,11.0,Month-to-month,Electronic check,0
20.0,40191.0,26.0,,Electronic check,0
23.0,77282.0,36.0,Month-to-month,Electronic check,0
33.0,60164.0,52.0,Month-to-month,Electronic check,0
55.0,20552.0,30.0,Month-to-month,Electronic check,1
25.0,73689.0,44.0,Two year,Bank transfer,0
19.0,45212.0,0.0,Month-to-month,Electronic check,1
56.0,80404.0,47.0,Month-to-month,Electronic check,0
61.0,53419.0,65.0,Two year,Electronic check,0
60.0,58685.0,37.0,Month-to-month,Electronic check,0
63.0,76221.0,32.0,Month-to-month,Credit card,0
63.0,38845.0,21.0,One year,Credit card,0
52.0,37129.0,68.0,Two year,Electronic check,0
47.0,51463.0,2.0,One year,Bank transfer,1
66.0,69889.0,20.0,,Bank transfer,0
37.0,31044.0,9.0,Two year,Credit card,0
23.0,24975.0,62.0,Month-to-month,Electronic check,1
60.0,69827.0,34.0,Two year,Electronic check,0
33.0,44146.0,66.0,Two year,Mailed check,0
73.0,,47.0,Two year,Credit card,0
41.0,21577.0,40.0,Month-to-month,Bank transfer,1
66.0,42778.0,37.0,Month-to-month,Mailed check,0
20.0,54864.0,14.0,One year,Electronic check,0
55.0,71747.0,40.0,Month-to-month,Bank transfer,1
43.0,41118.0,49.0,Month-to-month,Credit card,0
44.0,84833.0,69.0,Two year,Mailed check,0
33.0,42678.0,39.0,One year,Bank transfer,0
73.0,42704.0,67.0,Month-to-month,Mailed check,0
40.0,82672.0,68.0,Month-to-month,Mailed check,0
66.0,58806.0,37.0,Month-to-month,Mailed check,0
42.0,45064.0,31.0,Month-to-month,Bank transfer,1
20.0,52208.0,10.0,Month-to-month,Credit card,0
68.0,79355.0,19.0,Two year,Mailed check,0
28.0,81392.0,63.0,One year,Electronic check,1
33.0,40298.0,9.0,Month-to-month,Mailed check,1
67.0,54236.0,28.0,Month-to-month,Electronic check,1
68.0,56623.0,50.0,One year,Electronic check,0
70.0,37248.0,17.0,Two year,Electronic check,0
42.0,53998.0,70.0,Two year,Mailed check,0
61.0,55096.0,46.0,Month-to-month,Electronic check,1
36.0,75524.0,2.0,Two year,Electronic check,0
60.0,76734.0,17.0,Month-to-month,Bank transfer,0
46.0,49074.0,53.0,Month-to-month,Electronic check,0
20.0,51149.0,62.0,Two year,Bank transfer,0
41.0,66957.0,66.0,Month-to-month,Credit card,0
44.0,44467.0,61.0,Month-to-month,Bank transfer,0
32.0,65596.0,5.0,Month-to-month,Electronic check,0
39.0,53418.0,52.0,Month-to-month,Electronic check,1
46.0,37551.0,7.0,Month-to-month,Bank transfer,1
20.0,37777.0,5.0,One year,Mailed check,0
26.0,81047.0,49.0,Month-to-month,Electronic check,0
61.0,52184.0,34.0,Month-to-month,Mailed check,0
38.0,84526.0,46.0,Two year,Mailed check,0
52.0,45755.0,61.0,Month-to-month,Electronic check,1
50.0,60242.0,4.0,,Bank transfer,0
49.0,98068.0,37.0,Month-to-month,Electronic check,0
41.0,35967.0,60.0,One year,Electronic check,0
45.0,,31.0,Month-to-month,Credit card,0
64.0,78159.0,37.0,Two year,Electronic check,0
73.0,40117.0,35.0,Month-to-month,Bank transfer,0
32.0,54627.0,65.0,Two year,Mailed check,0
56.0,44453.0,3.0,Month-to-month,Electronic check,0
73.0,59827.0,63.0,One year,Credit card,0
18.0,37890.0,58.0,Month-to-month,Electronic check,1
62.0,51761.0,58.0,Month-to-month,Electronic check,1
46.0,63097.0,29.0,Month-to-month,Credit card,1
73.0,36850.0,37.0,Month-to-month,Bank transfer,1
50.0,42398.0,26.0,Month-to-month,Bank transfer,0
65.0,48747.0,18.0,One year,Electronic check,1
27.0,29281.0,63.0,Month-to-month,Electronic check,0
26.0,47394.0,36.0,Month-to-month,Bank transfer,1
70.0,57138.0,52.0,,Electronic check,1
48.0,47808.0,7.0,Month-to-month,Electronic check,1
49.0,50115.0,56.0,Month-to-month,Bank transfer,1
27.0,54642.0,47.0,One year,Electronic check,0
30.0,43197.0,71.0,Month-to-month,Electronic check,0
64.0,67439.0,9.0,Two year,Electronic check,0
35.0,80848.0,38.0,,Mailed check,1
51.0,46641.0,36.0,Month-to-month,Bank transfer,0
36.0,63734.0,38.0,Two year,Credit card,0
33.0,50687.0,3.0,Month-to-month,Electronic check,0
27.0,61579.0,34.0,Month-to-month,Electronic check,1
70.0,83184.0,21.0,Two year,Mailed check,0
71.0,64156.0,44.0,Two year,Mailed check,0
24.0,23079.0,16.0,One year,Mailed check,0
38.0,63172.0,31.0,Month-to-month,Credit card,1
50.0,77192.0,44.0,One year,Mailed check,0
39.0,51011.0,4.0,Two year,Mailed check,0
59.0,72921.0,56.0,Two year,Credit card,0
32.0,,51.0,Month-to-month,Electronic check,0
21.0,28260.0,4.0,Month-to-month,Credit card,0
37.0,57541.0,4.0,Month-to-month,Mailed check,0
52.0,23383.0,61.0,Month-to-month,Mailed check,0
28.0,50684.0,20.0,One year,Credit card,0
64.0,78163.0,61.0,Month-to-month,Mailed check,1
18.0,20624.0,35.0,Month-to-month,Mailed check,0
21.0,31969.0,24.0,Month-to-month,Electronic check,1
47.0,36423.0,19.0,Month-to-month,Bank transfer,1
47.0,53860.0,47.0,Month-to-month,Bank transfer,0
34.0,48417.0,7.0,Month-to-month,Electronic check,1
32.0,80184.0,28.0,Month-to-month,Bank transfer,0
21.0,72178.0,24.0,Two year,Bank transfer,0
55.0,63915.0,11.0,Month-to-month,Mailed check,1
39.0,57621.0,25.0,Month-to-month,Electronic check,1
24.0,,38.0,Month-to-month,Mailed check,0
40.0,39484.0,48.0,Month-to-month,Electronic check,0
71.0,70430.0,6.0,Month-to-month,Electronic check,1
32.0,34983.0,62.0,Month-to-month,Mailed check,1
68.0,70037.0,63.0,Month-to-month,Electronic check,0
32.0,76351.0,49.0,Month-to-month,Electronic check,0
28.0,58796.0,66.0,One year,Bank transfer,0
32.0,51828.0,30.0,Month-to-month,Electronic check,1
36.0,62206.0,59.0,Month-to-month,Credit card,1
24.0,15000.0,52.0,One year,Credit card,0
51.0,60441.0,40.0,Month-to-month,Bank transfer,1
37.0,52960.0,12.0,Month-to-month,Credit card,0
58.0,54089.0,40.0,Month-to-month,Credit card,0
45.0,67718.0,64.0,Month-to-month,Electronic check,1
43.0,53654.0,70.0,Month-to-month,Bank transfer,0
44.0,34476.0,32.0,Two year,Electronic check,0
26.0,52455.0,17.0,Two year,Bank transfer,1
58.0,56216.0,53.0,Two year,Mailed check,0
23.0,57069.0,5.0,Month-to-month,Electronic check,1
59.0,57915.0,10.0,Month-to-month,Electronic check,0
74.0,73709.0,40.0,Month-to-month,Credit card,0
61.0,35451.0,71.0,Month-to-month,Electronic check,1
43.0,58163.0,23.0,Month-to-month,Electronic check,1
35.0,,31.0,Month-to-month,Electronic check,1
67.0,23777.0,23.0,Month-to-month,Mailed check,0
32.0,58234.0,31.0,Month-to-month,Credit card,0
45.0,44463.0,0.0,Month-to-month,Bank transfer,1
61.0,48327.0,42.0,One year,Mailed check,0
70.0,38713.0,42.0,Month-to-month,Electronic check,1
70.0,51948.0,22.0,Two year,Electronic check,0
23.0,88143.0,19.0,Month-to-month,Mailed check,1
69.0,32240.0,54.0,Month-to-month,Credit card,1
24.0,33947.0,13.0,Month-to-month,Bank transfer,1
51.0,31565.0,3.0,Month-to-month,Mailed check,1
70.0,86094.0,2.0,Month-to-month,Bank transfer,1
55.0,46678.0,63.0,,Mailed check,1
72.0,54538.0,26.0,One year,Bank transfer,0
37.0,47750.0,7.0,Month-to-month,Mailed check,1
35.0,38000.0,63.0,Month-to-month,Bank transfer,1
36.0,50767.0,10.0,Two year,Mailed check,0
38.0,99248.0,24.0,Month-to-month,Credit card,0
56.0,80057.0,1.0,One year,Mailed check,0
43.0,39647.0,48.0,Month-to-month,Electronic check,1
60.0,66656.0,50.0,Month-to-month,Electronic check,1
41.0,40033.0,54.0,Month-to-month,Mailed check,0
35.0,23025.0,18.0,Month-to-month,Mailed check,1
28.0,73351.0,23.0,One year,Bank transfer,0
49.0,75882.0,67.0,Month-to-month,Bank transfer,0
69.0,73829.0,59.0,Month-to-month,Electronic check,0
66.0,46542.0,2.0,Month-to-month,Bank transfer,0
32.0,51998.0,49.0,Two year,Bank transfer,0
45.0,68496.0,58.0,One year,Mailed check,0
58.0,62047.0,40.0,Two year,Mailed check,0
52.0,,46.0,One year,Electronic check,0
21.0,25857.0,0.0,One year,Mailed check,0
51.0,57050.0,2.0,Month-to-month,Bank transfer,0
20.0,74422.0,2.0,Two year,Credit card,0
24.0,33443.0,11.0,Month-to-month,Bank transfer,1
55.0,66498.0,71.0,Month-to-month,Electronic check,0
23.0,60968.0,45.0,One year,Bank transfer,0
37.0,68503.0,56.0,Month-to-month,Bank transfer,0
51.0,70696.0,21.0,Month-to-month,Electronic check,0
55.0,42500.0,67.0,Month-to-month,Credit card,0
43.0,25895.0,14.0,Month-to-month,Electronic check,0
23.0,45397.0,64.0,Two year,Electronic check,0
63.0,71004.0,2.0,Month-to-month,Electronic check,0
72.0,45244.0,1.0,Two year,Electronic check,0
68.0,42507.0,5.0,Month-to-month,Credit card,1
60.0,22216.0,57.0,One year,Mailed check,0
40.0,86548.0,18.0,Month-to-month,Electronic check,1
67.0,69863.0,32.0,Two year,Mailed check,0
45.0,68858.0,33.0,Month-to-month,Mailed check,0
25.0,72419.0,56.0,Month-to-month,Electronic check,0
66.0,65381.0,25.0,Month-to-month,Electronic check,0
36.0,50602.0,0.0,Month-to-month,Bank transfer,0
71.0,52052.0,27.0,Month-to-month,Electronic check,0
38.0,47304.0,20.0,One year,Bank transfer,0
67.0,102425.0,52.0,Two year,Electronic check,0
48.0,65006.0,54.0,One year,Bank transfer,0
44.0,46652.0,6.0,Month-to-month,Credit card,0
34.0,,57.0,Month-to-month,Electronic check,1
65.0,36804.0,5.0,Two year,Electronic check,1
21.0,82081.0,44.0,Two year,Credit card,0
44.0,43101.0,28.0,Month-to-month,Mailed check,1
39.0,64020.0,21.0,Two year,Bank transfer,0
48.0,74188.0,34.0,Month-to-month,Electronic check,0
32.0,61926.0,22.0,Two year,Electronic check,0
55.0,56700.0,57.0,Two year,Mailed check,0
39.0,55194.0,69.0,One year,Credit card,0
28.0,53984.0,58.0,Month-to-month,Electronic check,0
29.0,44619.0,31.0,One year,Bank transfer,0
57.0,46909.0,36.0,Month-to-month,Bank transfer,0
32.0,81633.0,32.0,One year,Electronic check,0
35.0,53046.0,57.0,Month-to-month,Electronic check,0
53.0,40856.0,39.0,One year,Electronic check,1
36.0,45707.0,33.0,Two year,Mailed check,0
40.0,74807.0,29.0,Month-to-month,Bank transfer,1
31.0,67161.0,27.0,Month-to-month,Mailed check,0
37.0,65086.0,39.0,One year,Electronic check,0
57.0,50365.0,49.0,Month-to-month,Bank transfer,1
48.0,65321.0,31.0,Month-to-month,Bank transfer,0
74.0,43416.0,58.0,Month-to-month,Mailed check,1
61.0,50327.0,59.0,Month-to-month,Bank transfer,0
18.0,72456.0,30.0,,Electronic check,0
39.0,70737.0,65.0,One year,Bank transfer,0
34.0,37326.0,12.0,Month-to-month,Mailed check,1
51.0,39601.0,67.0,Month-to-month,Mailed check,0
33.0,56957.0,21.0,Month-to-month,Electronic check,1
73.0,86070.0,40.0,Month-to-month,Bank transfer,0
35.0,,20.0,One year,Bank transfer,0
47.0,60010.0,31.0,Month-to-month,Electronic check,0
25.0,30231.0,24.0,Month-to-month,Credit card,1
69.0,43582.0,50.0,,Credit card,0
69.0,48440.0,5.0,Month-to-month,Electronic check,1
63.0,47431.0,60.0,One year,Bank transfer,0
38.0,45392.0,65.0,Month-to-month,Mailed check,0
21.0,,40.0,Month-to-month,Credit card,0
58.0,45365.0,39.0,Month-to-month,Electronic check,1
42.0,28676.0,50.0,One year,Electronic check,1
74.0,69038.0,14.0,Two year,Mailed check,0
57.0,68552.0,53.0,Month-to-month,Electronic check,1
48.0,70177.0,15.0,Month-to-month,Bank transfer,0
74.0,27267.0,48.0,Month-to-month,Mailed check,0
63.0,60381.0,22.0,One year,Electronic check,0
44.0,67168.0,53.0,One year,Mailed check,0
19.0,36438.0,56.0,One year,Credit card,0
23.0,55165.0,15.0,Two year,Bank transfer,0
43.0,52907.0,44.0,Month-to-month,Mailed check,0
50.0,88159.0,35.0,One year,Electronic check,1
19.0,89641.0,21.0,One year,Electronic check,0
25.0,25042.0,42.0,Month-to-month,Credit card,1
58.0,99891.0,71.0,Two year,Bank transfer,0
60.0,38526.0,0.0,Month-to-month,Bank transfer,1
19.0,72652.0,68.0,One year,Credit card,0
46.0,72469.0,61.0,One year,Electronic check,0
22.0,37078.0,38.0,Two year,Bank transfer,0
59.0,63879.0,43.0,,Electronic check,1
65.0,53064.0,26.0,Month-to-month,Electronic check,0
67.0,64978.0,9.0,Two year,Mailed check,0
52.0,59152.0,41.0,One year,Mailed check,1
53.0,76534.0,58.0,Month-to-month,Credit card,0
70.0,56357.0,16.0,One year,Electronic check,1
52.0,51978.0,51.0,Month-to-month,Credit card,1
43.0,74729.0,53.0,One year,Bank transfer,0
61.0,65447.0,54.0,Two year,Bank transfer,0
51.0,68173.0,24.0,Month-to-month,Credit card,0
66.0,43037.0,28.0,Month-to-month,Mailed check,0
47.0,36185.0,29.0,Two year,Mailed check,0
67.0,44781.0,61.0,One year,Electronic check,0
20.0,43825.0,64.0,Two year,Electronic check,0
20.0,69152.0,29.0,Month-to-month,Credit card,1
23.0,72568.0,69.0,Two year,Mailed check,0
49.0,52208.0,41.0,Month-to-month,Electronic check,1
58.0,80757.0,27.0,Month-to-month,Electronic check,0
30.0,79632.0,0.0,Month-to-month,Mailed check,0
26.0,59381.0,43.0,One year,Bank transfer,0
67.0,40206.0,46.0,Two year,Electronic check,0
60.0,83357.0,69.0,One year,Bank transfer,0
54.0,53902.0,51.0,One year,Bank transfer,0
45.0,57271.0,2.0,Month-to-month,Bank transfer,1
41.0,48887.0,40.0,Month-to-month,Electronic check,1
19.0,38984.0,53.0,Month-to-month,Bank transfer,0
28.0,28564.0,35.0,Month-to-month,Electronic check,0
69.0,66392.0,30.0,Month-to-month,Mailed check,1
37.0,40899.0,58.0,Two year,Bank transfer,0
58.0,110072.0,44.0,One year,Bank transfer,0
58.0,35451.0,49.0,One year,Electronic check,0
35.0,32367.0,33.0,Month-to-month,Credit card,1
29.0,64182.0,20.0,Month-to-month,Electronic check,1
57.0,82528.0,37.0,Month-to-month,Bank transfer,0
23.0,56163.0,69.0,Month-to-month,Credit card,1
46.0,65300.0,43.0,Month-to-month,Mailed check,0
68.0,21816.0,50.0,Month-to-month,Credit card,0
58.0,42805.0,8.0,Month-to-month,Bank transfer,0
61.0,35675.0,71.0,One year,Bank transfer,0
22.0,20889.0,17.0,Month-to-month,Bank transfer,0
29.0,57106.0,69.0,Month-to-month,Bank transfer,0
33.0,15000.0,32.0,Month-to-month,Electronic check,0
34.0,31200.0,66.0,Month-to-month,Bank transfer,0
29.0,45331.0,64.0,Month-to-month,Electronic check,1
73.0,40037.0,54.0,Month-to-month,Credit card,0
27.0,62135.0,65.0,One year,Electronic check,0
58.0,60500.0,43.0,Month-to-month,Electronic check,0
51.0,71088.0,61.0,Two year,Credit card,0
52.0,68543.0,12.0,Month-to-month,Electronic check,0
30.0,75535.0,5.0,Month-to-month,Mailed check,0
35.0,54965.0,39.0,Month-to-month,Bank transfer,0
52.0,60462.0,58.0,Month-to-month,Electronic check,0
35.0,64207.0,55.0,Month-to-month,Electronic check,0
57.0,57550.0,38.0,Two year,Mailed check,0
20.0,47851.0,37.0,Month-to-month,Electronic check,0
22.0,49016.0,43.0,One year,Electronic check,0
59.0,40284.0,62.0,Month-to-month,Electronic check,1
53.0,62589.0,60.0,Month-to-month,Mailed check,0
20.0,53308.0,7.0,Month-to-month,Electronic check,0
69.0,43063.0,42.0,Month-to-month,Electronic check,0
18.0,43080.0,27.0,Month-to-month,Bank transfer,0
72.0,33213.0,57.0,Two year,Bank transfer,0
59.0,72619.0,36.0,One year,Electronic check,0
74.0,56415.0,71.0,Two year,Electronic check,0
72.0,39470.0,31.0,Month-to-month,Credit card,0
35.0,69554.0,48.0,One year,Bank transfer,0
61.0,44912.0,7.0,One year,Mailed check,1
30.0,29683.0,67.0,One year,Mailed check,0
44.0,73382.0,11.0,Two year,Electronic check,0
31.0,45332.0,27.0,One year,Credit card,0
45.0,47640.0,60.0,Two year,Credit card,0
67.0,55741.0,69.0,One year,Credit card,0
42.0,75567.0,34.0,Month-to-month,Electronic check,1
23.0,55361.0,34.0,One year,Electronic check,1
36.0,33416.0,3.0,Month-to-month,Electronic check,1
62.0,64790.0,70.0,Two year,Electronic check,0
47.0,46270.0,1.0,Two year,Electronic check,0
49.0,88983.0,1.0,Month-to-month,Bank transfer,1
42.0,54980.0,34.0,Month-to-month,Electronic check,1
34.0,,0.0,Month-to-month,Credit card,1
52.0,61433.0,11.0,Month-to-month,Electronic check,0
54.0,90003.0,45.0,Month-to-month,Electronic check,1
69.0,83367.0,50.0,One year,Credit card,0
53.0,87957.0,21.0,One year,Bank transfer,0
74.0,36644.0,57.0,Two year,Mailed check,0
65.0,71419.0,43.0,Month-to-month,Bank transfer,1
22.0,42004.0,16.0,Month-to-month,Electronic check,1
40.0,59037.0,51.0,Month-to-month,Electronic check,0
39.0,32087.0,42.0,Two year,Mailed check,0
18.0,43400.0,58.0,Month-to-month,Mailed check,0
28.0,42828.0,11.0,Month-to-month,Bank transfer,0
61.0,71174.0,16.0,Month-to-month,Electronic check,1
38.0,69413.0,21.0,Two year,Bank transfer,1
26.0,59983.0,24.0,Month-to-month,Bank transfer,1
34.0,30692.0,63.0,One year,Electronic check,1
33.0,,52.0,One year,Electronic check,0
27.0,41570.0,39.0,One year,Mailed check,0
23.0,70654.0,38.0,Month-to-month,Bank transfer,0
61.0,76207.0,63.0,Month-to-month,Bank transfer,0
64.0,74015.0,32.0,Month-to-month,Bank transfer,0
46.0,41406.0,16.0,Month-to-month,Mailed check,1
53.0,15000.0,9.0,One year,Electronic check,1
70.0,23195.0,23.0,Month-to-month,Mailed check,0
66.0,80589.0,47.0,Month-to-month,Electronic check,0
19.0,47777.0,33.0,Month-to-month,Bank transfer,0
72.0,41487.0,30.0,One year,Electronic check,1
21.0,84568.0,34.0,Month-to-month,Electronic check,1
19.0,77773.0,70.0,One year,Mailed check,0
40.0,55440.0,71.0,Month-to-month,Mailed check,0
60.0,49719.0,11.0,Two year,Bank transfer,0
22.0,52622.0,8.0,One year,Mailed check,1
34.0,59089.0,17.0,Month-to-month,Credit card,0
32.0,83801.0,61.0,Month-to-month,Credit card,0
40.0,,33.0,Month-to-month,Credit card,0
74.0,68069.0,62.0,Month-to-month,Bank transfer,0
36.0,76047.0,46.0,Month-to-month,Bank transfer,1
29.0,33946.0,39.0,Two year,Bank transfer,0
24.0,68588.0,20.0,One year,Mailed check,1
29.0,49698.0,24.0,Month-to-month,Electronic check,0
25.0,15000.0,10.0,One year,Bank transfer,0
50.0,16693.0,37.0,Month-to-month,Electronic check,1
41.0,36674.0,20.0,Two year,Electronic check,0
46.0,64562.0,21.0,Month-to-month,Credit card,0
65.0,57048.0,2.0,One year,Electronic check,0
51.0,58319.0,57.0,One year,Mailed check,0
26.0,90117.0,67.0,Month-to-month,Bank transfer,0
39.0,32156.0,35.0,,Electronic check,1
35.0,54506.0,38.0,Month-to-month,Credit card,0
65.0,60480.0,66.0,Two year,Electronic check,0
35.0,,36.0,Month-to-month,Credit card,0
25.0,55510.0,44.0,One year,Bank transfer,0
59.0,26201.0,30.0,One year,Electronic check,0
42.0,80378.0,37.0,Two year,Electronic check,0
23.0,42731.0,37.0,Month-to-month,Electronic check,0
57.0,91565.0,51.0,Month-to-month,Mailed check,0
29.0,54415.0,43.0,One year,Electronic check,0
67.0,73505.0,36.0,Month-to-month,Credit card,0
65.0,54041.0,5.0,Two year,Electronic check,1
39.0,54447.0,65.0,Month-to-month,Credit card,1
49.0,44487.0,63.0,Month-to-month,Electronic check,0
50.0,57144.0,13.0,Two year,Credit card,0
55.0,60724.0,21.0,Month-to-month,Electronic check,1
21.0,40883.0,70.0,Month-to-month,Mailed check,0
36.0,52749.0,23.0,Month-to-month,Bank transfer,0
27.0,44018.0,58.0,Month-to-month,Electronic check,0
57.0,96394.0,56.0,Two year,Credit card,0
21.0,53385.0,61.0,,Electronic check,1
47.0,82814.0,1.0,Month-to-month,Mailed check,0
59.0,51479.0,34.0,Month-to-month,Mailed check,1
72.0,59667.0,40.0,Two year,Bank transfer,0
34.0,31215.0,60.0,Month-to-month,Electronic check,0
18.0,46953.0,16.0,Two year,Electronic check,0
59.0,58790.0,22.0,Two year,Electronic check,0
18.0,83548.0,12.0,Month-to-month,Electronic check,0
21.0,58996.0,54.0,Two year,Electronic check,0
74.0,79907.0,71.0,One year,Credit card,0
67.0,66533.0,10.0,Month-to-month,Mailed check,0
58.0,84293.0,16.0,Month-to-month,Bank transfer,0
65.0,,22.0,Two year,Mailed check,0
22.0,98024.0,64.0,One year,Electronic check,0
23.0,46263.0,32.0,One year,Mailed check,0
35.0,41204.0,20.0,Two year,Electronic check,0
19.0,33219.0,23.0,Month-to-month,Electronic check,0
68.0,96958.0,43.0,Two year,Mailed check,0
21.0,69750.0,27.0,Two year,Mailed check,0
49.0,,10.0,Month-to-month,Credit card,1
66.0,77482.0,59.0,Month-to-month,Electronic check,1
59.0,67378.0,30.0,Month-to-month,Mailed check,1
31.0,90390.0,18.0,Two year,Electronic check,0
44.0,27139.0,52.0,Month-to-month,Electronic check,1
49.0,50224.0,53.0,One year,Bank transfer,0
61.0,46675.0,11.0,Month-to-month,Electronic check,1
42.0,19474.0,5.0,Month-to-month,Bank transfer,0
34.0,74086.0,3.0,One year,Mailed check,0
63.0,50133.0,55.0,Month-to-month,Electronic check,1
68.0,68313.0,45.0,Two year,Credit card,0
45.0,97476.0,57.0,Month-to-month,Mailed check,0
19.0,,45.0,Two year,Bank transfer,0
46.0,47419.0,28.0,Month-to-month,Mailed check,0
68.0,57136.0,42.0,Two year,Credit card,0
74.0,72770.0,52.0,One year,Electronic check,0
40.0,44799.0,28.0,Month-to-month,Mailed check,0
26.0,43643.0,65.0,Month-to-month,Bank transfer,0
50.0,74029.0,64.0,Month-to-month,Electronic check,0
65.0,61816.0,57.0,One year,Mailed check,0
71.0,18195.0,71.0,Two year,Credit card,0
20.0,32943.0,28.0,Month-to-month,Bank transfer,0
34.0,82022.0,8.0,Month-to-month,Bank transfer,0
45.0,62235.0,34.0,One year,Bank transfer,0
23.0,41280.0,53.0,Month-to-month,Credit card,0
68.0,51933.0,56.0,One year,Credit card,0
24.0,55238.0,27.0,Month-to-month,Bank transfer,0
55.0,68243.0,21.0,One year,Electronic check,0
70.0,30551.0,32.0,Two year,Electronic check,0
57.0,39863.0,57.0,Month-to-month,Bank transfer,0
61.0,59913.0,4.0,Month-to-month,Credit card,0
33.0,53203.0,23.0,Month-to-month,Mailed check,1
65.0,65293.0,16.0,One year,Electronic check,0
41.0,32869.0,58.0,Month-to-month,Electronic check,0
21.0,61428.0,33.0,Two year,Mailed check,0
38.0,74649.0,6.0,One year,Credit card,0
37.0,63763.0,18.0,Month-to-month,Electronic check,0
47.0,57504.0,3.0,One year,Bank transfer,0
33.0,53274.0,34.0,Month-to-month,Bank transfer,0
44.0,39973.0,71.0,Two year,Credit card,0
42.0,53704.0,40.0,Month-to-month,Electronic check,0
36.0,77675.0,62.0,One year,Credit card,1
57.0,52857.0,53.0,Two year,Bank transfer,0
35.0,38984.0,63.0,One year,Bank transfer,0
61.0,46140.0,22.0,Two year,Electronic check,0
32.0,,68.0,Month-to-month,Mailed check,0
67.0,48277.0,17.0,Two year,Bank transfer,0
38.0,63735.0,31.0,One year,Electronic check,1
20.0,,49.0,One year,Mailed check,1
26.0,71002.0,20.0,Month-to-month,Bank transfer,1
63.0,80624.0,19.0,Month-to-month,Bank transfer,1
67.0,72925.0,9.0,One year,Electronic check,0
30.0,38184.0,0.0,Month-to-month,Mailed check,1
52.0,38736.0,36.0,One year,Electronic check,0
50.0,53636.0,71.0,Two year,Credit card,0
25.0,46879.0,15.0,Two year,Credit card,1
43.0,34510.0,31.0,Month-to-month,Electronic check,1
57.0,47050.0,67.0,Two year,Electronic check,0
73.0,46459.0,55.0,Month-to-month,Electronic check,0
66.0,42907.0,0.0,Month-to-month,Mailed check,1
23.0,49316.0,36.0,Two year,Credit card,0
31.0,76212.0,10.0,Month-to-month,Mailed check,0
42.0,,17.0,Month-to-month,Electronic check,0
26.0,,17.0,Month-to-month,Electronic check,1
50.0,58069.0,44.0,Month-to-month,Electronic check,1
18.0,49779.0,14.0,Two year,Credit card,1
24.0,55074.0,18.0,Month-to-month,Bank transfer,0
20.0,59617.0,16.0,Month-to-month,Bank transfer,0
34.0,62835.0,25.0,One year,Electronic check,0
61.0,92381.0,47.0,Month-to-month,Credit card,0
28.0,39784.0,28.0,One year,Electronic check,0
74.0,70463.0,23.0,Two year,Credit card,0
33.0,58740.0,37.0,One year,Credit card,0
20.0,26720.0,44.0,Two year,Mailed check,0
37.0,68873.0,1.0,Month-to-month,Credit card,1
60.0,77817.0,64.0,Two year,Electronic check,0
24.0,39571.0,65.0,Month-to-month,Bank transfer,0
22.0,54839.0,43.0,Month-to-month,Electronic check,0
66.0,23944.0,41.0,One year,Mailed check,0
51.0,32341.0,50.0,Month-to-month,Electronic check,0
37.0,73865.0,31.0,Two year,Electronic check,0
61.0,46605.0,26.0,One year,Electronic check,0
66.0,35042.0,25.0,Two year,Electronic check,0
38.0,59130.0,11.0,Month-to-month,Bank transfer,1
49.0,45597.0,60.0,Month-to-month,Mailed check,0
18.0,46525.0,23.0,One year,Electronic check,0
35.0,68308.0,20.0,Month-to-month,Credit card,0
51.0,34089.0,69.0,Month-to-month,Credit card,0
29.0,38703.0,36.0,One year,Electronic check,1
74.0,57773.0,44.0,Two year,Mailed check,0
73.0,72449.0,17.0,One year,Bank transfer,0
32.0,77287.0,19.0,Month-to-month,Bank transfer,0
40.0,43029.0,52.0,Month-to-month,Mailed check,0
28.0,71873.0,32.0,One year,Bank transfer,0
46.0,40885.0,10.0,Month-to-month,Electronic check,0
25.0,87872.0,60.0,Month-to-month,Electronic check,0
40.0,34592.0,28.0,Month-to-month,Bank transfer,1
49.0,78913.0,48.0,Month-to-month,Bank transfer,0
52.0,43183.0,24.0,Month-to-month,Credit card,0
51.0,91238.0,40.0,Month-to-month,Electronic check,0
30.0,65644.0,55.0,One year,Electronic check,0
63.0,36712.0,63.0,Month-to-month,Electronic check,0
57.0,45600.0,14.0,One year,Electronic check,1
60.0,69061.0,48.0,Month-to-month,Electronic check,0
44.0,73948.0,65.0,Two year,Mailed check,0
68.0,53727.0,46.0,Month-to-month,Mailed check,1
40.0,55804.0,10.0,Month-to-month,Bank transfer,0
63.0,68650.0,13.0,Month-to-month,Mailed check,1
29.0,57372.0,14.0,Month-to-month,Electronic check,1
32.0,31717.0,7.0,Month-to-month,Bank transfer,0
48.0,40366.0,54.0,Two year,Electronic check,0
49.0,59232.0,69.0,Two year,Credit card,0
60.0,76879.0,37.0,Month-to-month,Electronic check,0
34.0,84088.0,43.0,Month-to-month,Mailed check,0
67.0,69032.0,55.0,One year,Credit card,0
36.0,60171.0,29.0,One year,Bank transfer,0
48.0,68479.0,34.0,Month-to-month,Bank transfer,1
71.0,42998.0,42.0,One year,Bank transfer,0
48.0,52242.0,21.0,Month-to-month,Electronic check,1
56.0,40166.0,4.0,One year,Bank transfer,0
69.0,32523.0,40.0,Month-to-month,Credit card,1
73.0,61004.0,59.0,Month-to-month,Credit card,0
46.0,58339.0,5.0,Month-to-month,Mailed check,1
41.0,67378.0,15.0,One year,Electronic check,1
29.0,64830.0,18.0,Month-to-month,Bank transfer,0
48.0,59368.0,57.0,,Mailed check,0
70.0,65019.0,36.0,One year,Electronic check,0
45.0,54232.0,38.0,One year,Electronic check,0
37.0,62432.0,46.0,Month-to-month,Electronic check,1
24.0,41929.0,19.0,Month-to-month,Mailed check,1
40.0,61655.0,51.0,Month-to-month,Electronic check,0
31.0,67032.0,2.0,One year,Electronic check,1
73.0,42946.0,8.0,Two year,Electronic check,0
48.0,55933.0,58.0,Month-to-month,Credit card,0
25.0,43775.0,47.0,Two year,Electronic check,0
21.0,45523.0,12.0,Month-to-month,Electronic check,1
66.0,34751.0,31.0,Month-to-month,Mailed check,1
71.0,77784.0,3.0,Month-to-month,Electronic check,1
61.0,74182.0,48.0,One year,Credit card,0
25.0,64674.0,54.0,Month-to-month,Credit card,0
23.0,,20.0,Month-to-month,Mailed check,1
29.0,51594.0,25.0,One year,Mailed check,1
60.0,109572.0,17.0,Month-to-month,Mailed check,0
61.0,50904.0,28.0,Month-to-month,Electronic check,0
65.0,59593.0,19.0,Month-to-month,Electronic check,0
23.0,47840.0,17.0,Month-to-month,Electronic check,0
26.0,61702.0,30.0,Month-to-month,Electronic check,0
69.0,70041.0,61.0,Month-to-month,Bank transfer,0
70.0,52950.0,54.0,One year,Electronic check,0
59.0,86981.0,21.0,Month-to-month,Electronic check,0
24.0,59305.0,67.0,One year,Mailed check,0
21.0,59869.0,15.0,Month-to-month,Mailed check,1
21.0,38638.0,65.0,Month-to-month,Electronic check,1
57.0,62533.0,22.0,Month-to-month,Electronic check,1
66.0,52588.0,38.0,Month-to-month,Electronic check,0
54.0,44052.0,14.0,Month-to-month,Electronic check,0
32.0,41023.0,54.0,Month-to-month,Credit card,0
61.0,103092.0,22.0,Two year,Credit card,0
21.0,50257.0,62.0,Two year,Mailed check,0
65.0,28774.0,5.0,Month-to-month,Mailed check,1
68.0,42432.0,36.0,One year,Bank transfer,0
58.0,54072.0,11.0,One year,Bank transfer,0
68.0,64840.0,64.0,Two year,Electronic check,0
51.0,64986.0,30.0,Month-to-month,Electronic check,1
44.0,67179.0,48.0,Month-to-month,Mailed check,1
36.0,43393.0,63.0,Month-to-month,Bank transfer,1
70.0,61128.0,38.0,Month-to-month,Electronic check,0
57.0,39231.0,4.0,Month-to-month,Electronic check,1
28.0,43846.0,15.0,Two year,Electronic check,0
72.0,38481.0,15.0,Two year,Electronic check,0
21.0,33609.0,65.0,,Mailed check,1
51.0,74156.0,65.0,Month-to-month,Bank transfer,0
28.0,67395.0,34.0,Month-to-month,Mailed check,1
55.0,72580.0,64.0,Month-to-month,Electronic check,0
41.0,55708.0,17.0,One year,Electronic check,0
42.0,68983.0,48.0,Month-to-month,Credit card,0
56.0,23297.0,28.0,Two year,Mailed check,0
61.0,70536.0,17.0,Two year,Electronic check,0
39.0,58188.0,18.0,,Electronic check,0
74.0,66288.0,30.0,One year,Credit card,0
46.0,61840.0,24.0,Month-to-month,Bank transfer,0
27.0,37233.0,15.0,Month-to-month,Credit card,1
18.0,28035.0,24.0,Month-to-month,Bank transfer,1
29.0,42183.0,9.0,One year,Mailed check,0
57.0,65169.0,69.0,Month-to-month,Mailed check,1
48.0,67422.0,27.0,Two year,Electronic check,0
37.0,30377.0,7.0,Month-to-month,Bank transfer,1
45.0,37340.0,41.0,Month-to-month,Bank transfer,1
65.0,,63.0,Month-to-month,Electronic check,0
50.0,48569.0,25.0,Two year,Credit card,0
21.0,30483.0,60.0,Month-to-month,Mailed check,0
20.0,29403.0,43.0,Month-to-month,Electronic check,1
45.0,40207.0,53.0,Month-to-month,Electronic check,0
41.0,56553.0,21.0,One year,Credit card,0
66.0,33749.0,2.0,Two year,Credit card,0
51.0,52916.0,24.0,Month-to-month,Mailed check,0
61.0,74054.0,66.0,Two year,Credit card,0
51.0,,56.0,Month-to-month,Credit card,1
37.0,51284.0,56.0,One year,Credit card,1
55.0,73446.0,63.0,Month-to-month,Credit card,0
53.0,47471.0,26.0,Month-to-month,Mailed check,1
59.0,44674.0,23.0,One year,Bank transfer,0
28.0,75943.0,66.0,Month-to-month,Bank transfer,1
54.0,49488.0,41.0,Month-to-month,Bank transfer,0
